{"epochs":191.0,"accuracies":0.6882936838019187,"precisions":0.9942052980132451,"recalls":0.6839018279141279}
