{"epochs":195.0,"accuracies":0.7221075502444324,"precisions":0.994366849293927,"recalls":0.7187238552066485}
