{"epochs":239.0,"accuracies":0.6739573186929957,"precisions":0.9951397326852977,"recalls":0.6690569120450214}
