{"epochs":128.0,"accuracies":0.6668319286068418,"precisions":0.9952727737319534,"recalls":0.6610097581671617}
