{"epochs":39.0,"accuracies":0.6886116272896204,"precisions":0.9924603174603175,"recalls":0.6842681258549932}
