{"epochs":26.0,"accuracies":0.6648330058939096,"precisions":0.9914790018259282,"recalls":0.6600486223662885}
