{"epochs":90.0,"accuracies":0.6811254396248535,"precisions":0.9939716312056738,"recalls":0.67607332368548}
