{"epochs":166.0,"accuracies":0.7240873117181517,"precisions":0.9944806369887803,"recalls":0.7205795581197142}
