{"epochs":244.0,"accuracies":0.683059426357558,"precisions":0.9954840530623765,"recalls":0.6780519064402435}
