{"epochs":64.0,"accuracies":0.6815651604453176,"precisions":0.9930761622156281,"recalls":0.6768919602224844}
