{"epochs":125.0,"accuracies":0.6844331641285956,"precisions":0.995036905064902,"recalls":0.6793223284100782}
