{"epochs":229.0,"accuracies":0.5589012150026413,"precisions":0.9942140790742526,"recalls":0.5543010752688172}
