{"epochs":247.0,"accuracies":0.6942144373673036,"precisions":0.9962210675484175,"recalls":0.6889530135569227}
