{"epochs":99.0,"accuracies":0.688813053215314,"precisions":0.9942647761669587,"recalls":0.6840951441411817}
