{"epochs":112.0,"accuracies":0.6909417209785587,"precisions":0.9943725379853686,"recalls":0.6862135922330097}
