{"epochs":253.0,"accuracies":0.7181487684326621,"precisions":0.9946870621205044,"recalls":0.7144594481254718}
