{"epochs":7.0,"accuracies":0.5341207349081365,"precisions":0.989821882951654,"recalls":0.5256756756756756}
