{"epochs":223.0,"accuracies":0.6896322341537584,"precisions":0.9947573503365215,"recalls":0.6849602419630226}
