{"epochs":197.0,"accuracies":0.7257379429001559,"precisions":0.9944524659928566,"recalls":0.7224246439218284}
