{"epochs":71.0,"accuracies":0.6982274741506647,"precisions":0.994548626253816,"recalls":0.693266453868369}
