{"epochs":82.0,"accuracies":0.6646576045139779,"precisions":0.9942254082039028,"recalls":0.6587940361525267}
