{"epochs":135.0,"accuracies":0.6925969447708579,"precisions":0.9943023255813953,"recalls":0.6881538709158217}
