{"epochs":180.0,"accuracies":0.680919891777438,"precisions":0.99501690692294,"recalls":0.6756087245483656}
