{"epochs":123.0,"accuracies":0.6534857732313247,"precisions":0.9944436915571215,"recalls":0.6477754237288136}
