{"epochs":5.0,"accuracies":0.4869109947643979,"precisions":0.9961685823754789,"recalls":0.4701627486437613}
