{"epochs":177.0,"accuracies":0.7213448193347691,"precisions":0.9942127659574468,"recalls":0.7179203539823009}
