{"epochs":241.0,"accuracies":0.6870965292017923,"precisions":0.99613196814562,"recalls":0.6818252608627939}
