{"epochs":48.0,"accuracies":0.6934401385581295,"precisions":0.9935691318327974,"recalls":0.6888096299598752}
