{"epochs":104.0,"accuracies":0.6983546617915904,"precisions":0.9931404712198032,"recalls":0.6949081803005008}
