{"epochs":97.0,"accuracies":0.6561819764910753,"precisions":0.9940140242859586,"recalls":0.6504028648164727}
