{"epochs":10.0,"accuracies":0.5211132437619962,"precisions":0.9941860465116279,"recalls":0.5084241823587711}
