{"epochs":31.0,"accuracies":0.6245451538207079,"precisions":0.9912568306010929,"recalls":0.6184793726559836}
