{"epochs":255.0,"accuracies":0.7278140169902912,"precisions":0.9951282188553991,"recalls":0.72400093479785}
