{"epochs":72.0,"accuracies":0.6618075801749271,"precisions":0.9931911030413073,"recalls":0.6564656465646564}
