{"epochs":130.0,"accuracies":0.6709777127053848,"precisions":0.9947572088378479,"recalls":0.6656364851319746}
