{"epochs":183.0,"accuracies":0.7095243606064113,"precisions":0.9948021462105969,"recalls":0.7053019495958155}
