{"epochs":57.0,"accuracies":0.6993045387994143,"precisions":0.9932632713554298,"recalls":0.694947209653092}
