{"epochs":11.0,"accuracies":0.5754385964912281,"precisions":0.9952229299363057,"recalls":0.5650994575045208}
