{"epochs":181.0,"accuracies":0.7311224191378605,"precisions":0.9946620678327995,"recalls":0.7277096851718337}
