{"epochs":164.0,"accuracies":0.7239485754893727,"precisions":0.9952297954316118,"recalls":0.719907100199071}
