{"epochs":47.0,"accuracies":0.6808839779005524,"precisions":0.9926544240400668,"recalls":0.6764505119453925}
