{"epochs":115.0,"accuracies":0.6855276474376668,"precisions":0.9948810182623132,"recalls":0.6801929625425652}
