{"epochs":45.0,"accuracies":0.6932472920027656,"precisions":0.9914763041254688,"recalls":0.6900806834361651}
