{"epochs":122.0,"accuracies":0.6918342579750347,"precisions":0.9950980392156863,"recalls":0.686848900365061}
