{"epochs":114.0,"accuracies":0.7047035903145005,"precisions":0.9944474539544962,"recalls":0.7003338102050548}
