{"epochs":207.0,"accuracies":0.7351420527258766,"precisions":0.9948553054662379,"recalls":0.731826544021025}
