{"epochs":54.0,"accuracies":0.6589371980676328,"precisions":0.9939375568354046,"recalls":0.6526671974522293}
