{"epochs":205.0,"accuracies":0.7302505812451563,"precisions":0.9947720011617776,"recalls":0.7268290094965251}
