{"epochs":4.0,"accuracies":0.4716981132075472,"precisions":0.9952830188679245,"recalls":0.45670995670995673}
