{"epochs":233.0,"accuracies":0.589535089269931,"precisions":0.995982694684796,"recalls":0.5826102675343456}
