{"epochs":60.0,"accuracies":0.6862813370473537,"precisions":0.9929540709812108,"recalls":0.681899641577061}
