{"epochs":174.0,"accuracies":0.7252419502099945,"precisions":0.9949995689283558,"recalls":0.7214477714571482}
