{"epochs":145.0,"accuracies":0.7051787016776075,"precisions":0.9946814168705457,"recalls":0.7008169077418871}
