{"epochs":211.0,"accuracies":0.6959337349397591,"precisions":0.9945177063268632,"recalls":0.6917091771010461}
