{"epochs":217.0,"accuracies":0.7118097934872821,"precisions":0.9945774647887324,"recalls":0.7079552859792471}
