{"epochs":162.0,"accuracies":0.6978553681182162,"precisions":0.9945091994990849,"recalls":0.6934443847393874}
