{"epochs":100.0,"accuracies":0.6812757418946035,"precisions":0.994256541161455,"recalls":0.6763620577382244}
