{"epochs":73.0,"accuracies":0.6638860923342442,"precisions":0.9935238945958017,"recalls":0.6584282965813231}
