{"epochs":152.0,"accuracies":0.7178969359331476,"precisions":0.9949142401276426,"recalls":0.7138155541246334}
