{"epochs":168.0,"accuracies":0.7184484389782403,"precisions":0.9953946180242008,"recalls":0.7141098730240996}
