{"epochs":242.0,"accuracies":0.690525122245057,"precisions":0.9955696202531645,"recalls":0.6857516529826346}
