{"epochs":199.0,"accuracies":0.7235819942534851,"precisions":0.9945660377358491,"recalls":0.7200699415332495}
