{"epochs":9.0,"accuracies":0.5141955835962145,"precisions":0.9935622317596566,"recalls":0.5021691973969631}
