{"epochs":96.0,"accuracies":0.7213547393886078,"precisions":0.9934323690383112,"recalls":0.7182589033352177}
