{"epochs":216.0,"accuracies":0.7367801432355539,"precisions":0.9942701227830832,"recalls":0.7340114815187834}
