{"epochs":78.0,"accuracies":0.6851178451178451,"precisions":0.9937297734627831,"recalls":0.6804709141274238}
