{"epochs":142.0,"accuracies":0.7265549348230913,"precisions":0.9945263157894737,"recalls":0.7230427795209305}
