{"epochs":189.0,"accuracies":0.7132047976684228,"precisions":0.9944341372912802,"recalls":0.7094843462246777}
