{"epochs":106.0,"accuracies":0.6517750299162346,"precisions":0.9944742658667509,"recalls":0.6456539565395654}
