{"epochs":169.0,"accuracies":0.6889613238889237,"precisions":0.9948506694129763,"recalls":0.6840919333032898}
