{"epochs":109.0,"accuracies":0.6694142746314973,"precisions":0.9944734876773712,"recalls":0.6638085742771684}
