{"epochs":75.0,"accuracies":0.6812263754724905,"precisions":0.9934419293420774,"recalls":0.6764621146643619}
