{"epochs":206.0,"accuracies":0.7348554972745037,"precisions":0.9942619423325204,"recalls":0.7319674728059985}
