{"epochs":86.0,"accuracies":0.6681367144432194,"precisions":0.9939474181955741,"recalls":0.6625063035804337}
