{"epochs":19.0,"accuracies":0.5889830508474576,"precisions":0.9915966386554622,"recalls":0.5806451612903226}
