{"epochs":212.0,"accuracies":0.7335398141672494,"precisions":0.9949004540691583,"recalls":0.7302466287237861}
