{"epochs":228.0,"accuracies":0.5516877637130801,"precisions":0.9922027290448343,"recalls":0.5473118279569893}
