{"epochs":32.0,"accuracies":0.6655979480602757,"precisions":0.9920595533498759,"recalls":0.6606080634500991}
