{"epochs":52.0,"accuracies":0.662327258161426,"precisions":0.9916149068322981,"recalls":0.6580791426215994}
