{"epochs":36.0,"accuracies":0.6867124856815578,"precisions":0.9910141206675225,"recalls":0.6833874299203305}
