{"epochs":221.0,"accuracies":0.7203893737412487,"precisions":0.994805904866047,"recalls":0.7166559992122495}
