{"epochs":215.0,"accuracies":0.7298309595387118,"precisions":0.9948035751403035,"recalls":0.7264356185175815}
