{"epochs":170.0,"accuracies":0.7247008973080757,"precisions":0.9945292508603194,"recalls":0.7212516797849875}
