{"epochs":42.0,"accuracies":0.7093109409730798,"precisions":0.9921344297461566,"recalls":0.7061068702290076}
