{"epochs":127.0,"accuracies":0.6836012326143083,"precisions":0.9947348627303497,"recalls":0.6786691755046186}
