{"epochs":70.0,"accuracies":0.6522846441947565,"precisions":0.9943087502964193,"recalls":0.6460708782742681}
