{"epochs":46.0,"accuracies":0.6835814163283717,"precisions":0.9921981004070556,"recalls":0.6794425087108014}
