{"epochs":91.0,"accuracies":0.6789937398562486,"precisions":0.9940193491644679,"recalls":0.6738611972334844}
