{"epochs":44.0,"accuracies":0.6763250883392227,"precisions":0.9921175206019348,"recalls":0.6719242902208202}
