{"epochs":209.0,"accuracies":0.712714184325256,"precisions":0.9952474957958617,"recalls":0.7084417612157802}
