{"epochs":157.0,"accuracies":0.7189692390717755,"precisions":0.9945070829719572,"recalls":0.7152262804075127}
