{"epochs":87.0,"accuracies":0.6693704600484262,"precisions":0.9938467275778482,"recalls":0.6639262580966617}
