{"epochs":146.0,"accuracies":0.6964867801521188,"precisions":0.9943333689725222,"recalls":0.6921187765126144}
