{"epochs":14.0,"accuracies":0.5563380281690141,"precisions":0.9907894736842106,"recalls":0.5472383720930233}
