{"epochs":187.0,"accuracies":0.72294887039239,"precisions":0.9942962724935732,"recalls":0.7196348624920054}
