{"epochs":56.0,"accuracies":0.6715110862679337,"precisions":0.9934116299054712,"recalls":0.6658986175115207}
