{"epochs":227.0,"accuracies":0.7294331870389392,"precisions":0.9949425287356322,"recalls":0.7259656858046583}
