{"epochs":150.0,"accuracies":0.7116646672782443,"precisions":0.994800163132137,"recalls":0.7074390951276102}
