{"epochs":134.0,"accuracies":0.6723484848484849,"precisions":0.9938435538387252,"recalls":0.6675044592184206}
