{"epochs":224.0,"accuracies":0.7031641678096769,"precisions":0.9943381896016019,"recalls":0.6992473901432387}
