{"epochs":251.0,"accuracies":0.7092139004332833,"precisions":0.995769773106012,"recalls":0.7046763732027033}
