{"epochs":226.0,"accuracies":0.7168581477139507,"precisions":0.9950950749176913,"recalls":0.7128760529482551}
