{"epochs":113.0,"accuracies":0.6640771246724073,"precisions":0.994188580560802,"recalls":0.6584872979214781}
