{"epochs":30.0,"accuracies":0.6301229508196722,"precisions":0.9932735426008968,"recalls":0.6232852620471333}
