{"epochs":198.0,"accuracies":0.7231197175564352,"precisions":0.9946093690684079,"recalls":0.719582532271354}
