{"epochs":258.0,"accuracies":0.7449864591546399,"precisions":0.9952754417461968,"recalls":0.7416299947192395}
