{"epochs":18.0,"accuracies":0.5489977728285078,"precisions":0.9936305732484076,"recalls":0.5379310344827586}
