{"epochs":23.0,"accuracies":0.5793896505970809,"precisions":0.9920886075949367,"recalls":0.5712984054669704}
