{"epochs":186.0,"accuracies":0.7046567232153023,"precisions":0.9946049136786188,"recalls":0.7005144393779961}
