{"epochs":161.0,"accuracies":0.6786395631866324,"precisions":0.9934289127837514,"recalls":0.6743258768669325}
