{"epochs":116.0,"accuracies":0.6803832116788321,"precisions":0.9943362342865036,"recalls":0.675234521575985}
