{"epochs":175.0,"accuracies":0.7004538577912254,"precisions":0.9944932942534861,"recalls":0.6961143922909543}
