{"epochs":81.0,"accuracies":0.6699987018044917,"precisions":0.9944022391043582,"recalls":0.6642628205128205}
