{"epochs":173.0,"accuracies":0.6944784524975515,"precisions":0.9941149841557265,"recalls":0.6903055450773293}
