{"epochs":20.0,"accuracies":0.5697674418604651,"precisions":0.9917050691244239,"recalls":0.5610010427528676}
