{"epochs":68.0,"accuracies":0.6447185813415575,"precisions":0.9935881627620222,"recalls":0.6388140161725068}
