{"epochs":49.0,"accuracies":0.6910517387616624,"precisions":0.9915014164305949,"recalls":0.6877729257641921}
