{"epochs":153.0,"accuracies":0.7046696644759599,"precisions":0.9942505547710309,"recalls":0.7006183808373019}
