{"epochs":208.0,"accuracies":0.7441410230283269,"precisions":0.9948735955056179,"recalls":0.7411069261351747}
