{"epochs":167.0,"accuracies":0.7040537968660788,"precisions":0.9945365311602926,"recalls":0.6998566401668187}
