{"epochs":184.0,"accuracies":0.728994014732965,"precisions":0.994571382271917,"recalls":0.7256014659809659}
