{"epochs":171.0,"accuracies":0.7016478751084129,"precisions":0.994377437199601,"recalls":0.6975634582352567}
