{"epochs":196.0,"accuracies":0.7298319554763063,"precisions":0.9950592885375494,"recalls":0.7262287806501719}
