{"epochs":219.0,"accuracies":0.7288209395713388,"precisions":0.994484918635528,"recalls":0.7255837059115747}
