{"epochs":210.0,"accuracies":0.7176369690243164,"precisions":0.9945181765724178,"recalls":0.7140711585271117}
