{"epochs":172.0,"accuracies":0.7230125007697519,"precisions":0.9944939695857368,"recalls":0.7195522954344252}
