{"epochs":151.0,"accuracies":0.6993551100518716,"precisions":0.9944341372912802,"recalls":0.6949506590794496}
