{"epochs":154.0,"accuracies":0.6768384879725086,"precisions":0.9941483803552769,"recalls":0.6718926553672316}
