{"epochs":136.0,"accuracies":0.719695202550346,"precisions":0.9944530729975594,"recalls":0.7160316319194824}
