{"epochs":107.0,"accuracies":0.6784902677601028,"precisions":0.9937088076692631,"recalls":0.6737761527523868}
