{"epochs":250.0,"accuracies":0.7186678352322524,"precisions":0.9960393425308601,"recalls":0.7141707686482393}
