{"epochs":95.0,"accuracies":0.6539657853810265,"precisions":0.9943908851884312,"recalls":0.6478985838282321}
