{"epochs":160.0,"accuracies":0.7040174730293203,"precisions":0.9943000676263163,"recalls":0.6998979938796328}
