{"epochs":235.0,"accuracies":0.6785334750265675,"precisions":0.9949829420028096,"recalls":0.6742826057391541}
