{"epochs":131.0,"accuracies":0.7003551824346141,"precisions":0.9941998106060606,"recalls":0.696319018404908}
