{"epochs":74.0,"accuracies":0.6630249716231555,"precisions":0.9940357852882704,"recalls":0.657126168224299}
