{"epochs":126.0,"accuracies":0.676319986569294,"precisions":0.9952667263656134,"recalls":0.670747478230882}
