{"epochs":143.0,"accuracies":0.7091715976331361,"precisions":0.9935808280731786,"recalls":0.7057527167717912}
