{"epochs":79.0,"accuracies":0.6632992157384022,"precisions":0.9946180914924446,"recalls":0.6571389496717724}
