{"epochs":192.0,"accuracies":0.7363079808063537,"precisions":0.9946211771937913,"recalls":0.7331634097989238}
