{"epochs":257.0,"accuracies":0.7329392609372788,"precisions":0.9953846153846154,"recalls":0.7291068377621869}
