{"epochs":51.0,"accuracies":0.7291836734693877,"precisions":0.9919816723940436,"recalls":0.7272727272727273}
