{"epochs":35.0,"accuracies":0.663235294117647,"precisions":0.9922374429223745,"recalls":0.6582853680702817}
