{"epochs":263.0,"accuracies":0.724878665173315,"precisions":0.996088338358732,"recalls":0.7204833480695549}
