{"epochs":178.0,"accuracies":0.7156454491374182,"precisions":0.9942823007339137,"recalls":0.7119897335614764}
