{"epochs":43.0,"accuracies":0.672854387656702,"precisions":0.992619926199262,"recalls":0.6679910603426868}
