{"epochs":22.0,"accuracies":0.6081143384047948,"precisions":0.9913860610806577,"recalls":0.6014251781472684}
