{"epochs":220.0,"accuracies":0.7341296599556882,"precisions":0.9946837146702557,"recalls":0.7309366036989418}
