{"epochs":76.0,"accuracies":0.6944022114720111,"precisions":0.994261119081779,"recalls":0.6896502701165766}
