{"epochs":214.0,"accuracies":0.730049504950495,"precisions":0.994507786429366,"recalls":0.7269170181411657}
