{"epochs":50.0,"accuracies":0.686005406529424,"precisions":0.9912989434431324,"recalls":0.682791095890411}
