{"epochs":225.0,"accuracies":0.7252307402524015,"precisions":0.9946050353003864,"recalls":0.7218543046357616}
