{"epochs":133.0,"accuracies":0.6946012562614295,"precisions":0.994467333725721,"recalls":0.6900833197190002}
