{"epochs":190.0,"accuracies":0.7062496515582316,"precisions":0.9944070681689228,"recalls":0.7023128005495763}
