{"epochs":38.0,"accuracies":0.690424374319913,"precisions":0.9934959349593496,"recalls":0.6853617498597869}
