{"epochs":139.0,"accuracies":0.7086440420027393,"precisions":0.9943733451015004,"recalls":0.7046360722382925}
