{"epochs":66.0,"accuracies":0.6711153479504289,"precisions":0.9934178449536811,"recalls":0.6660673422687152}
