{"epochs":163.0,"accuracies":0.7212869678258044,"precisions":0.9943581206067332,"recalls":0.7177860862598477}
