{"epochs":159.0,"accuracies":0.7037900486245254,"precisions":0.9943590741100953,"recalls":0.6996509956887703}
