{"epochs":61.0,"accuracies":0.6379989720746959,"precisions":0.9938905859483477,"recalls":0.6312169312169312}
