{"epochs":88.0,"accuracies":0.6646312260536399,"precisions":0.9940520446096655,"recalls":0.6588641123567821}
