{"epochs":13.0,"accuracies":0.5850903614457831,"precisions":0.9933155080213903,"recalls":0.5764158262218774}
