{"epochs":67.0,"accuracies":0.6816403192987948,"precisions":0.9931555345763512,"recalls":0.677289554160631}
