{"epochs":93.0,"accuracies":0.6951094973334846,"precisions":0.994119623655914,"recalls":0.6905123118216828}
