{"epochs":222.0,"accuracies":0.7304314623902253,"precisions":0.9953681949385782,"recalls":0.726613416964767}
