{"epochs":203.0,"accuracies":0.7303499713138267,"precisions":0.994506299443305,"recalls":0.7271315338474722}
