{"epochs":34.0,"accuracies":0.6556732223903177,"precisions":0.9923918212077983,"recalls":0.6503583670925522}
