{"epochs":140.0,"accuracies":0.7011103557670519,"precisions":0.99490022172949,"recalls":0.6964687621265037}
