{"epochs":69.0,"accuracies":0.6616015803069443,"precisions":0.9936109796497871,"recalls":0.6561962806688545}
