{"epochs":176.0,"accuracies":0.7332129963898917,"precisions":0.9941102229701304,"recalls":0.7302676308795352}
