{"epochs":77.0,"accuracies":0.6562542627199563,"precisions":0.993784826403772,"recalls":0.6505331088664422}
