{"epochs":15.0,"accuracies":0.5413633355393779,"precisions":0.9910714285714286,"recalls":0.5311004784688995}
