{"epochs":231.0,"accuracies":0.6043926964805504,"precisions":0.9950650515926425,"recalls":0.5991356023770935}
