{"epochs":268.0,"accuracies":0.7525478592924159,"precisions":0.9957568649096178,"recalls":0.7492148363485348}
