{"epochs":89.0,"accuracies":0.6909220194358853,"precisions":0.9936463113307448,"recalls":0.6864179468422336}
