{"epochs":53.0,"accuracies":0.6880409126671911,"precisions":0.9926492208174067,"recalls":0.6838160826412801}
