{"epochs":102.0,"accuracies":0.7017707362534948,"precisions":0.9933414043583535,"recalls":0.6982978723404255}
