{"epochs":6.0,"accuracies":0.5537313432835821,"precisions":0.9943502824858758,"recalls":0.5423728813559322}
