{"epochs":261.0,"accuracies":0.7462428272155934,"precisions":0.9956133021390374,"recalls":0.7427689814237626}
