{"epochs":108.0,"accuracies":0.6675477239353891,"precisions":0.9951551854655564,"recalls":0.6614672436348998}
