{"epochs":84.0,"accuracies":0.6537593984962407,"precisions":0.9938650306748467,"recalls":0.6476657209182357}
