{"epochs":243.0,"accuracies":0.6703639744952179,"precisions":0.9959171174849444,"recalls":0.6646457765667575}
