{"epochs":218.0,"accuracies":0.7365505175681586,"precisions":0.9946545774409635,"recalls":0.7334597345574294}
