{"epochs":265.0,"accuracies":0.7386057155310977,"precisions":0.9955701953657429,"recalls":0.7350515752103541}
