{"epochs":55.0,"accuracies":0.6784224497535077,"precisions":0.9933698472182185,"recalls":0.6731783551474897}
