{"epochs":249.0,"accuracies":0.7081464332223991,"precisions":0.9957983193277311,"recalls":0.7035772599079709}
