{"epochs":105.0,"accuracies":0.6737795671867136,"precisions":0.9940036900369004,"recalls":0.6687700424123306}
