{"epochs":237.0,"accuracies":0.6958182976013585,"precisions":0.9948340638697558,"recalls":0.6916630387461907}
