{"epochs":41.0,"accuracies":0.6940581542351454,"precisions":0.9928785607196402,"recalls":0.68984375}
