{"epochs":156.0,"accuracies":0.7282106978007059,"precisions":0.9945444104134763,"recalls":0.7247175338261961}
