{"epochs":8.0,"accuracies":0.5584112149532711,"precisions":0.9913232104121475,"recalls":0.5499398315282792}
