{"epochs":179.0,"accuracies":0.7086833077014077,"precisions":0.9945959855892949,"recalls":0.7045634076684694}
