{"epochs":16.0,"accuracies":0.567601246105919,"precisions":0.9919816723940436,"recalls":0.557630392788152}
