{"epochs":121.0,"accuracies":0.6939952801328555,"precisions":0.9950732529495657,"recalls":0.6890824205422876}
