{"epochs":63.0,"accuracies":0.6654478976234004,"precisions":0.993560020607934,"recalls":0.6598802395209581}
