{"epochs":21.0,"accuracies":0.5817655571635311,"precisions":0.9931093884582257,"recalls":0.5730616302186878}
