{"epochs":101.0,"accuracies":0.7076842655514898,"precisions":0.9943828753605587,"recalls":0.7036201525405521}
