{"epochs":267.0,"accuracies":0.7315966822187662,"precisions":0.9955253201396973,"recalls":0.7278506263797644}
