{"epochs":254.0,"accuracies":0.7376494650723726,"precisions":0.9958865792793287,"recalls":0.7335676483658546}
