{"epochs":148.0,"accuracies":0.7213442974615659,"precisions":0.9947030661098095,"recalls":0.7174871418074945}
