{"epochs":230.0,"accuracies":0.6230088495575221,"precisions":0.9953542392566783,"recalls":0.6185492601948755}
