{"epochs":256.0,"accuracies":0.7145680819912152,"precisions":0.9957805907172996,"recalls":0.7098278066020002}
