{"epochs":155.0,"accuracies":0.7148907103825136,"precisions":0.9939203765444204,"recalls":0.7113980909601347}
