{"epochs":132.0,"accuracies":0.6916052547260494,"precisions":0.9952278692436173,"recalls":0.6864713627386438}
