{"epochs":232.0,"accuracies":0.6181277860326895,"precisions":0.9961199294532628,"recalls":0.6123156981786644}
