{"epochs":201.0,"accuracies":0.7354475056629616,"precisions":0.9946366909117625,"recalls":0.7322983718288527}
