{"epochs":264.0,"accuracies":0.7361518888236446,"precisions":0.9954752896204704,"recalls":0.7324990671909531}
