{"epochs":149.0,"accuracies":0.6989277852730242,"precisions":0.9946697324414716,"recalls":0.6943674303224865}
