{"epochs":110.0,"accuracies":0.625576923076923,"precisions":0.9933407325194229,"recalls":0.6192547197785905}
