{"epochs":138.0,"accuracies":0.7141214351425943,"precisions":0.9952517667844523,"recalls":0.7097409244822427}
