{"epochs":202.0,"accuracies":0.728130405157503,"precisions":0.9943890734588409,"recalls":0.72491926803014}
