{"epochs":65.0,"accuracies":0.6548444301144607,"precisions":0.9926470588235294,"recalls":0.6495769039323046}
