{"epochs":29.0,"accuracies":0.6742049469964664,"precisions":0.9919224555735057,"recalls":0.6700618406693343}
