{"epochs":240.0,"accuracies":0.6963277991330662,"precisions":0.9954167169219635,"recalls":0.6919014084507042}
