{"epochs":27.0,"accuracies":0.6648976497346475,"precisions":0.9912075029308324,"recalls":0.660546875}
