{"epochs":2.0,"accuracies":0.4808362369337979,"precisions":0.9924242424242424,"recalls":0.46953405017921146}
