{"epochs":94.0,"accuracies":0.6615401885945218,"precisions":0.9940528249081686,"recalls":0.655932594644506}
