{"epochs":85.0,"accuracies":0.6663776015857285,"precisions":0.9940533282179167,"recalls":0.6606323304436512}
