{"epochs":80.0,"accuracies":0.6828211189913318,"precisions":0.9924945684376851,"recalls":0.6788705755201297}
