{"epochs":259.0,"accuracies":0.7166081833692818,"precisions":0.9959765064977107,"recalls":0.7118868174005024}
