{"epochs":200.0,"accuracies":0.7156016729313357,"precisions":0.9948324340755377,"recalls":0.711660777385159}
