{"epochs":117.0,"accuracies":0.6486339786502624,"precisions":0.994102416570771,"recalls":0.6426445973591222}
