{"epochs":1.0,"accuracies":0.08376963350785341,"precisions":1.0,"recalls":0.05913978494623656}
