{"epochs":194.0,"accuracies":0.7196986241537454,"precisions":0.9937043370122804,"recalls":0.7167283327727324}
