{"epochs":266.0,"accuracies":0.7095488601944843,"precisions":0.9958018795254968,"recalls":0.704918479742625}
