{"epochs":92.0,"accuracies":0.6482458151800046,"precisions":0.9934354485776805,"recalls":0.6424528301886793}
