{"epochs":58.0,"accuracies":0.6434735706580367,"precisions":0.9939288811795317,"recalls":0.6366666666666667}
