{"epochs":245.0,"accuracies":0.6982900943396226,"precisions":0.9965205288796103,"recalls":0.6929171959112079}
