{"epochs":12.0,"accuracies":0.5481781376518219,"precisions":0.9923076923076923,"recalls":0.5383973288814691}
