{"epochs":83.0,"accuracies":0.6563094483195941,"precisions":0.9938210085708591,"recalls":0.6504892367906067}
