{"epochs":182.0,"accuracies":0.7274313634248488,"precisions":0.9945014361920393,"recalls":0.7240246161199737}
