{"epochs":103.0,"accuracies":0.6860834786175777,"precisions":0.9940082962052542,"recalls":0.6816266329540666}
