{"epochs":141.0,"accuracies":0.7281932048301207,"precisions":0.9938753959873284,"recalls":0.7252273077515796}
