{"epochs":188.0,"accuracies":0.7055377161850037,"precisions":0.994667760459393,"recalls":0.7013941111818129}
