{"epochs":144.0,"accuracies":0.691488580450907,"precisions":0.9945385035499726,"recalls":0.6868587809293905}
