{"epochs":28.0,"accuracies":0.6558156547183613,"precisions":0.9902745995423341,"recalls":0.6519774011299435}
