{"epochs":37.0,"accuracies":0.7082287308228731,"precisions":0.990722065348931,"recalls":0.705949985628054}
