{"epochs":213.0,"accuracies":0.7281181619256017,"precisions":0.9943293195183422,"recalls":0.7250497728316913}
