{"epochs":25.0,"accuracies":0.6586361780318497,"precisions":0.9923126201153107,"recalls":0.6527602191319005}
