{"epochs":120.0,"accuracies":0.6725429704715734,"precisions":0.994066882416397,"recalls":0.6675722176944671}
