{"epochs":124.0,"accuracies":0.7071714846081691,"precisions":0.9959016393442623,"recalls":0.7021891418563923}
