{"epochs":3.0,"accuracies":0.4046997389033943,"precisions":0.9864864864864865,"recalls":0.3924731182795699}
