{"epochs":98.0,"accuracies":0.6873181769205905,"precisions":0.9941916747337851,"recalls":0.6825431989366415}
