{"epochs":238.0,"accuracies":0.6349237009851265,"precisions":0.995455969915387,"recalls":0.6287608867775138}
