{"epochs":252.0,"accuracies":0.7154022597910118,"precisions":0.995908147062416,"recalls":0.7108544027898867}
