{"epochs":59.0,"accuracies":0.6359455156554042,"precisions":0.9933870040253019,"recalls":0.6293260473588342}
