{"epochs":236.0,"accuracies":0.6745694739325313,"precisions":0.994261119081779,"recalls":0.6702937976060935}
