{"epochs":17.0,"accuracies":0.5502645502645502,"precisions":0.9878453038674033,"recalls":0.5424757281553398}
