{"epochs":129.0,"accuracies":0.6980900073776539,"precisions":0.994450476535167,"recalls":0.6938552188552188}
