{"epochs":165.0,"accuracies":0.701271186440678,"precisions":0.9945427173503952,"recalls":0.6969996702934388}
