{"epochs":234.0,"accuracies":0.6757249127068469,"precisions":0.9949378739070409,"recalls":0.6716371543957751}
