{"epochs":40.0,"accuracies":0.6902975420439845,"precisions":0.9907763259031515,"recalls":0.6872833910957078}
