{"epochs":204.0,"accuracies":0.719090625973217,"precisions":0.9942252165543792,"recalls":0.7157171028087193}
