{"epochs":137.0,"accuracies":0.6626003705991352,"precisions":0.9945965417867435,"recalls":0.6569638324873096}
