{"epochs":185.0,"accuracies":0.7096497252747253,"precisions":0.9945328031809145,"recalls":0.7056956445071416}
