{"epochs":248.0,"accuracies":0.7196200293062504,"precisions":0.9960300274289015,"recalls":0.7152335043798269}
