{"epochs":246.0,"accuracies":0.6994749190034633,"precisions":0.9953228850414376,"recalls":0.6950094539620696}
