{"epochs":62.0,"accuracies":0.6748228147148161,"precisions":0.9927909371781668,"recalls":0.67002606429192}
