{"epochs":119.0,"accuracies":0.6647696958918726,"precisions":0.9951684152401988,"recalls":0.6587171052631579}
