{"epochs":147.0,"accuracies":0.716259987043835,"precisions":0.9945281850092917,"recalls":0.7123946161810383}
