{"epochs":260.0,"accuracies":0.7373816295277682,"precisions":0.9956881533101045,"recalls":0.7335472485159634}
