{"epochs":193.0,"accuracies":0.7134390605279043,"precisions":0.9938485804416404,"recalls":0.7101318607010031}
