{"epochs":118.0,"accuracies":0.7049959637635662,"precisions":0.994375408763898,"recalls":0.7007743362831859}
