{"epochs":262.0,"accuracies":0.7505534401841849,"precisions":0.9959201809662304,"recalls":0.747008029086502}
