{"epochs":33.0,"accuracies":0.6795270690728065,"precisions":0.9915373765867419,"recalls":0.6757449535405319}
