{"epochs":111.0,"accuracies":0.6832475700400229,"precisions":0.994257823715188,"recalls":0.6783545543584721}
