{"epochs":158.0,"accuracies":0.7129642043169325,"precisions":0.993921265920494,"recalls":0.709435261707989}
