{"epochs":24.0,"accuracies":0.6499575191163977,"precisions":0.9912398921832885,"recalls":0.6446099912357581}
